{
  "display": {
    "icon": {
      "item": "minecraft:clock"
    },
    "title": "Спидранер",
    "description": "Наиграйте в сумме 24 часа в одном мире",
    "frame": "goal",
    "show_toast": true,
    "announce_to_chat": true,
    "hidden": false
  },
"parent": "d:turtle",
  "criteria": {
    "requirement": {
      "trigger": "minecraft:tick",
      "conditions": {
        "player": {
          "player": {
            "stats": [
              {
                "type": "minecraft:custom",
                "stat": "minecraft:total_world_time",
                "value": {
                  "min": 1728000
                }
              }
            ]
          }
        }
      }
    }
  }
}
