{
  "display": {
    "icon": {
      "item": "minecraft:netherite_axe"
    },
    "title": "Один удар",
    "description": "Нанесите максимальный возможный урон одним ударом",
    "frame": "goal",
    "show_toast": true,
    "announce_to_chat": true,
    "hidden": false
  },
  "parent": "d:skhorse",
  "criteria": {
    "requirement": {
      "trigger": "minecraft:player_hurt_entity",
      "conditions": {
        "damage": {
          "dealt": {
            "min": 23
          }
        }
      }
    }
  },
  "rewards": {
    "experience": 170
  }
}
