{
  "display": {
    "icon": {
      "item": "minecraft:dragon_head"
    },
    "title": "Дракон против дракона",
    "description": "Побетите финального босса игры с головой дракона у себя на голове",
    "frame": "goal",
    "show_toast": true,
    "announce_to_chat": true,
    "hidden": true
  },
  "parent": "d:",
  "criteria": {
    "requirement": {
      "trigger": "minecraft:player_killed_entity",
      "conditions": {
        "player": {
          "equipment": {
            "head": {
              "items": [
                "minecraft:dragon_head"
              ]
            }
          }
        },
        "entity": {
          "type": "minecraft:ender_dragon"
        }
      }
    }
  }
}
