{
  "display": {
    "icon": {
      "item": "minecraft:cactus"
    },
    "title": "Кактусовая броня",
    "description": "Соберите полный комплект незеритовой брони с зачарованием \"Шипы III\"",
    "frame": "task",
    "show_toast": true,
    "announce_to_chat": true,
    "hidden": false
  },
  "parent": "d:turtle",
  "criteria": {
    "1": {
      "trigger": "minecraft:inventory_changed",
      "conditions": {
        "slots": {},
        "items": [
          {
            "items": [
              "minecraft:netherite_helmet"
            ],
            "enchantments": [
              {
                "enchantment": "minecraft:thorns",
                "levels": 3
              }
            ]
          }
        ]
      }
    },
    "2": {
      "trigger": "minecraft:inventory_changed",
      "conditions": {
        "items": [
          {
            "items": [
              "minecraft:netherite_chestplate"
            ],
            "enchantments": [
              {
                "enchantment": "minecraft:thorns",
                "levels": 3
              }
            ]
          }
        ]
      }
    },
    "3": {
      "trigger": "minecraft:inventory_changed",
      "conditions": {
        "items": [
          {
            "items": [
              "minecraft:netherite_leggings"
            ],
            "enchantments": [
              {
                "enchantment": "minecraft:thorns",
                "levels": 3
              }
            ]
          }
        ]
      }
    },
    "4": {
      "trigger": "minecraft:inventory_changed",
      "conditions": {
        "items": [
          {
            "items": [
              "minecraft:netherite_boots"
            ],
            "enchantments": [
              {
                "enchantment": "minecraft:thorns",
                "levels": 3
              }
            ]
          }
        ]
      }
    }
  }
}
