{
  "display": {
    "icon": {
      "item": "minecraft:popped_chorus_fruit"
    },
    "title": "Приготовленый",
    "description": "Приготовьте плод хоруса",
    "frame": "task",
    "show_toast": true,
    "announce_to_chat": true,
    "hidden": true
  },
  "parent": "d:draid",
  "criteria": {
    "requirement": {
      "trigger": "minecraft:inventory_changed",
      "conditions": {
        "items": [
          {
            "items": [
              "minecraft:popped_chorus_fruit"
            ],
            "count": {
              "min": 1
            }
          }
        ]
      }
    }
  }
}
