{
	"display": {
		"icon": {
			"item": "minecraft:clock"
		},
		"title": {
			"text": "Хардкор"
		},
		"description": [
			{
				"text": "Хардкорные достижения by To4kaPlay",
				"color": "#9B009B"
			}
		],
		"background": "minecraft:textures/block/amethyst_block.png",
		"frame": "task",
		"show_toast": false,
		"announce_to_chat": false,
		"hidden": false
	},
	"criteria": {
		"1": {
			"trigger": "minecraft:placed_block",
			"conditions": {
				"block": "minecraft:crafting_table"
			}
		}
	},
	"rewards": {

	}
}
