{
  "display": {
    "icon": {
      "item": "minecraft:skeleton_skull"
    },
    "title": "Звон копыт",
    "description": "Убейте лошадь-скелета",
    "frame": "task",
    "show_toast": true,
    "announce_to_chat": true,
    "hidden": false
  },
  "parent": "d:root",
  "criteria": {
    "requirement": {
      "trigger": "minecraft:player_killed_entity",
      "conditions": {
        "entity": {
          "type": "minecraft:skeleton_horse"
        }
      }
    }
  }
}
